Title,Author,Publication Year
Grundlegung der Soziologie des Rechts / von Eugen Ehrlich ; neu bearbeitet von Manfred Rehbinder,"Ehrlich, Eugen [Verfasser]; Rehbinder, Manfred [Herausgeber]",2022
"Grundlegung der Soziologie des Rechts. : Fünfte Auflage, neu bearbeitet von Manfred Rehbinder. / Eugen Ehrlich","Ehrlich, Eugen [Verfasser]; Rehbinder, Manfred [Herausgeber]",2022
Grundlegung der Soziologie des Rechts / Von Eugen Ehrlich,"Ehrlich, Eugen [Verfasser]",2021
Gesetz und lebendes Recht. : Vermischte kleinere Schriften. Hrsg. von Manfred Rehbinder. / Eugen Ehrlich,"Ehrlich, Eugen [Verfasser]; Rehbinder, Manfred [Herausgeber]",2020
Recht und Leben. : Gesammelte Schriften zur Rechtstatsachenforschung und zur Freirechtslehre. Ausgewählt und eingeleitet von Manfred Rehbinder. / Eugen Ehrlich,"Ehrlich, Eugen [Verfasser]; Rehbinder, Manfred [Herausgeber]",2020
Politische Schriften. : Hrsg. und eingeleitet von Manfred Rehbinder. / Eugen Ehrlich,"Ehrlich, Eugen [Verfasser]; Rehbinder, Manfred [Verfasser eines Geleitworts]; Rehbinder, Manfred [Herausgeber]",2019
Das zwingende und nichtzwingende Recht im BGB für das deutsche Reich / Eugen Ehrlich,"Ehrlich, Eugen [Verfasser]",2017
Die Begründung der Rechtssoziologie durch Eugen Ehrlich. / Manfred Rehbinder,"Rehbinder, Manfred [Verfasser]",2014
Eugen Ehrlich's sociology of law / ed. by Knut Papendorf ...,"Papendorf, Knut [Herausgeber]",2014
Grundlegung der Soziologie des Rechts. / Eugen Ehrlich,"Ehrlich, Eugen [Verfasser]; Rehbinder, Manfred [Herausgeber]",2014
"Die Aufgaben der Sozialpolitik im österreichischen Osten. : (Juden- und Bauernfrage). (Schriften des Sozialwissenschaftlichen Akademischen Vereins in Czernowitz, Heft I). / Eugen Ehrlich","Ehrlich, Eugen",2013
Dreiteiligkeit im römischen Recht. : Aus dem Englischen übertragen von Eugen Ehrlich. / Henry Goudy,"Goudy, Henry; Ehrlich, Eugen",2013
Zu Eugen Ehrlichs 150. Geburtstag und 90. Todestag / Heinz Barta ... (Hg.),"Barta, Heinz [Herausgeber]; Ehrlich, Eugen [Gefeierter]; Ganner, Michael [Herausgeber]; Voithofer, Caroline [Herausgeber]",2013
Eugen Ehrlich interkulturell gelesen / von Markus Porsche-Ludwig,"Porsche-Ludwig, Markus [Verfasser]",2011
Osnovopoloženie sociologii prava / Ojgen Ėrlich. [Per. s nem. M. V. Antonova. Sankt-Peterburgskij Gosudarstvennyj Universitet],"Ehrlich, Eugen [Verfasser]",2011
Eugen Ehrlich interkulturell gelesen / Markus Porsche-Ludwig,"Porsche-Ludwig, Markus [Verfasser]",2010
Fa she hui xue yuan li = Grundlegung der Soziologie des Rechts / Ou gen Ai li xi zhu. Shu Guo ying yi,"Ehrlich, Eugen [Verfasser]",2008
Politische Schriften / Eugen Ehrlich. Hrsg. und eingeleitet von Manfred Rehbinder,"Ehrlich, Eugen [Verfasser]; Rehbinder, Manfred [Herausgeber]",2007
"Escritos sobre sociología y jurisprudencia / Eugen Ehrlich. Trad., notas y estudios preliminares de Juan Antonio Gómez García ...","Ehrlich, Eugen [Verfasser]; Gómez García, Juan Antonio [Herausgeber]",2005
"Soziale Gesetzgebungspolitik, freie Rechtsfindung und soziologische Rechtswissenschaft bei Eugen Ehrlich / Stefan Vogl","Vogl, Stefan [Verfasser]",2003
Der Vertrag im System der soziologischen Rechtslehre Eugen Ehrlichs : ein Beitrag zur Geschichte des Vertragsbegriffs / von Ulf Lenzner,"Lenzner, Ulf [Verfasser]",2001
Sein und Sollen : eine Untersuchung zur Abgrenzung der Rechtsnormen von den sozialen Normen bei Max Weber und Eugen Ehrlich / von Markus Ludwig,"Porsche-Ludwig, Markus [Verfasser]",1999
"Scienza giuridica e sociologia del diritto / Eugen Ehrlich, Hans Kelsen ; a cura di Agostino Carrino","Carrino, Agostino [Herausgeber]; Ehrlich, Eugen [Verfasser]; Kelsen, Hans [Verfasser]",1992
Grundlegung der Soziologie des Rechts / von Eugen Ehrlich,"Ehrlich, Eugen [Verfasser]",1989
Freie Rechtsfindung und freie Rechtswissenschaft : Leipzig 1903,"Ehrlich, Eugen [Verfasser]",1987
Die Begründung der Rechtssoziologie durch Eugen Ehrlich / von Manfred Rehbinder,"Rehbinder, Manfred [Verfasser]",1986
Fundamentos da sociologia do direito,"Ehrlich, Eugen [Verfasser]",1986
Gesetz und lebendes Recht : vermischte kleinere Schriften / Eugen Ehrlich. Hrsg. von Manfred Rehbinder,"Ehrlich, Eugen [Verfasser]",1986
Eruhi-hoteki-ronri : [Lfg. 1-9] / Eugen Ehrlich,"Ehrlich, Eugen [Verfasser]",1981
I fondamenti della sociologia del diritto / Eugen Ehrlich. A cura di Alberto Febbrajo,"Ehrlich, Eugen [Verfasser]",1976
Die Rechtsfähigkeit / Eugen Ehrlich,"Ehrlich, Eugen [Verfasser]",1973
Freie Rechtsfindung und freie Rechtswissenschaft : Leipzig 1903; [Vortr. gehalten in d. Jurist. Ges. in Wien am 4. März 1903].,"Ehrlich, Eugen [Verfasser]",1973
"T. 1. (Einziger Teil). Das ius civile, ius publicum, ius privatum",,1970
Das zwingende und nichtzwingende Recht im Bürgerlichen Gesetzbuch für das Deutsche Reich / Eugen Ehrlich,"Ehrlich, Eugen [Verfasser]",1970
Die stillschweigende Willenserklärung / Eugen Ehrlich,"Ehrlich, Eugen [Verfasser]",1970
Grundlegung der Soziologie des Rechts / von Eugen Ehrlich,"Ehrlich, Eugen [Verfasser]",1967
Recht und Leben : Gesammelte Schriften z. Rechtstatsachenforschung u.z. Freirechtslehre / Eugen Ehrlich. Ausgew. u. eingel. von Manfred Rehbinder,"Ehrlich, Eugen [Verfasser]; Rehbinder, Manfred [Mitwirkender]",1967
Die juristische Logik / Eugen Ehrlich,"Ehrlich, Eugen [Verfasser]",1966
Fundamental Principles of the sociology of law / Eugen Ehrlich. Transl. by Walter L. Moll. With an introd. by Roscoe Pound,"Ehrlich, Eugen [Verfasser]; Moll, Walter Lewis [Mitwirkender]",1962
Hô shakaīgaku no kisôriron : Kaiyaku / Êrurihi. Kawashima Takenori yaku,"Ehrlich, Eugen [Verfasser]; Kawashima, Takenori [Mitwirkender]",1957
Kenri nôryoku-ron / Êrurihi. Kawashima Takeyoshi ; Mitsufuji Tadashi yaku,"Ehrlich, Eugen [Verfasser]; Kawashima, Takeyoshi Mitwirkender]; [Mitsufuji, Tadashi [Mitwirkender]",1957
Bismarck und der Weltkrieg / von Eugen Ehrlich,"Ehrlich, Eugen [Verfasser]",1920
Die juristische Logik / Von Eugen Ehrlich,"Ehrlich, Eugen [Verfasser]",1918
Die Aufgaben der Sozialpolitik im österreichischen Osten (Juden- u. Bauernfrage) / Von Eugen Ehrlich,"Ehrlich, Eugen [Verfasser]",1916
Dreiteiligkeit im römischen Recht / Von H. Goudy. Aus d. Engl. übertr. von E. Ehrlich,"Goudy, Henry [Verfasser]; Ehrlich, Eugen [Mitwirkender]",1914
Grundlegung der Soziologie des Rechts / Von Eugen Ehrlich,"Ehrlich, Eugen [Verfasser]",1913
Beiträge zur Theorie der Rechtsquellen / Eugen Ehrlich,"Ehrlich, Eugen [Verfasser]",
